{
  "knn": {
    "accuracy": 0.7666666666666667,
    "precision": 0.7857142857142857,
    "recall": 0.7333333333333333,
    "f1": 0.7586206896551724,
    "confusion_matrix": [
      [
        12,
        3
      ],
      [
        4,
        11
      ]
    ]
  },
  "svm": {
    "accuracy": 0.7666666666666667,
    "precision": 0.7857142857142857,
    "recall": 0.7333333333333333,
    "f1": 0.7586206896551724,
    "confusion_matrix": [
      [
        12,
        3
      ],
      [
        4,
        11
      ]
    ]
  },
  "timing": {
    "embedding_generation_train": 4.31128454208374,
    "embedding_generation_test": 0.4899098873138428,
    "training": 2.853281259536743,
    "inference": 0.0014715194702148438
  }
}